PC1,PC2
2.8110956156336613,0.5519489801390367
-1.7921651323250127,-0.24179392393311888
2.90622051181069,0.23243372751386557
-1.5716858375309566,0.056911282719231265
2.4721955906714586,0.6988580336720011
-1.279486825588577,-0.034970929377915835
-0.38101529660257,1.4274429884135031
0.9113585620024602,-2.1873142004139483
-2.0522875446007784,-0.10736360408189768
1.5101973927189114,0.5184501702772364
3.5234720307825884,0.4376047407116983
-0.8878217612356722,-1.7942853655234856
-1.0837424077885511,-0.7422962486185712
-0.8915021970965293,-0.43795687744240436
-1.0029931883478322,0.8245345499830293
-1.4744853624220104,1.2871291377723302
-0.5448442723633945,1.4435849839682366
-1.601937800936078,1.0829165111933106
-1.5816704432293314,1.1153901962743098
1.3195526927078893,-1.7771189626682526
0.43413603498297665,-2.666876235247869
0.7209363052723217,-0.33733446654972454
-2.328390101742311,-0.4804331495060696
0.18594611406159867,-0.48608017611332655
-1.5325648069238078,0.10897781969745142
-1.6609753031117003,0.98832276684045
-0.1954485598702974,-2.0542278182141933
-0.8642052375514722,0.6532444863829162
-0.350787466886578,-1.0680528084276657
0.40596239963862046,0.2028339482012151
-0.4852595729741763,0.5522807665293867
0.7123006187831891,0.5683100453502962
3.238584365519815,-0.2637860247160806
-2.0544861399479637,-0.17942446431889947
1.6241436144517163,1.0733370371926425
-0.9732176995568507,1.350674672489042
-0.133918579814983,1.0270124240836747
-1.2176841578020763,-1.4091857365964482
-2.049407784334657,0.36595085961020585
-0.6715229429309262,-0.1755111418410331
-0.9593565750686991,0.3975887986971692
0.7490780291674458,1.519333531273954
-1.1777986060871786,-0.8693849054817074
1.1177227278695372,0.1448516637371995
-0.4914566175038755,1.5157223387827146
-2.278426060572734,1.0734797113881678
1.2945898848656177,1.1473431780607173
-1.601084943062995,0.01639346877184489
-1.8178965959464277,-0.7624697629956404
-3.0014211928951187,-0.08495034061200271
-1.6041150427858304,-0.5322873600069936
-1.8947946452432156,1.1509205864006133
-0.7820403398147437,1.322132906055424
1.2080541605517956,0.6221771259074322
-1.5538888791466743,0.0854267325540389
-0.5240559979150479,0.4539970937862903
0.4243310958027186,0.6783218194388672
1.201129129495544,-0.6508036280384559
1.3456869851991,0.340073861609765
1.7035771493596679,1.159465695889101
-1.617818939437633,1.05747071318208
-0.1214747103237931,-1.6820854088300858
-2.145038941475897,-0.7185967211796982
-0.631987701239844,1.0253185995249117
-1.1751501784546876,-0.7763624393748257
-0.07400463784040814,-1.932188536601471
0.7887084249456376,-2.310565610331628
-0.43915016546827546,-2.457873002766379
0.4711922394497845,0.7342293974612805
0.21763824468150583,0.8853005371342026
-1.2875805750440734,2.12383865385224
0.04075843689326378,0.6742744954099782
1.6854141380941485,1.1397717996020904
0.7412108288412079,0.54732209249118
-0.22817924238140583,-1.6720124741780615
0.10002476948690107,0.2914089139788865
0.9102963678916953,-0.13201402823631614
-0.79025819878539,1.308965715338501
-0.48272953082405895,-0.7797791327606997
-1.472980939060376,0.6753949991982306
1.0703821844142274,0.9955184212209658
-0.3864741971003902,0.1998519773640411
2.3882681316829726,0.17652008672964492
1.6573509800737614,0.6780067242683473
-1.5415983601676577,-0.38913581675968634
-0.2928337121576018,-1.538009403840959
2.799201163398443,1.37020918429962
-0.7969795486811837,-0.32518685243049983
-0.6250231870851325,-1.4807541401834443
2.3834359535465843,-0.2929136992027508
-0.4508612708490479,-0.745224829092628
2.17969848407318,0.3325630077285258
-0.4704606108537127,-2.0604858860523176
1.3429951353433427,-0.09418146303585508
-0.7168887718322848,0.8892845555537606
-0.14371610009801952,-1.7062014332650943
-0.7086261830297889,-0.7213470247459995
3.488107999311131,0.40206734268000266
-1.5404245655194977,0.09835772042421428
-2.365556965110742,0.3966344310677038
1.3714380201587848,1.3546923831873323
-1.0954144476090333,0.2827859794638561
-2.056363905701289,-0.5987790866405623
0.7437805555617565,-1.606574538713396
-1.6109392885367375,2.1429706408157507
-0.34253572935273435,-1.1437331382532858
-0.04123815154284416,1.0300217981760569
3.5645397767374982,0.8939802983147482
0.3566641334803881,-2.7447279304707926
0.4702726410248727,1.640278555035567
-1.7038269931264358,-0.15481391279643747
0.15296784079070755,-0.5525737607353342
-1.8386560810480357,1.2408694628625354
1.1335762667370612,-1.9640071085961772
2.6200185826928473,-0.05517126120776375
2.1473999968746154,-0.9452132682797689
0.4762335947499158,-0.6026621554295609
-0.9104506882701754,1.1163854535646158
2.438758968001617,0.17778701109524614
0.27576781469759365,0.6087653257244946
1.6701800917139622,1.55459032843442
-2.04265417421552,1.4512488364660099
-0.7518725477354968,1.649756057416263
-0.38071213797014664,-0.2821331310964771
0.8492854822416567,-1.0608404486624492
-0.20494992513204624,0.9310349294068682
0.8099718103379598,-1.1034677072053531
-0.024150441604930354,1.0504082506231707
-1.2144190890896023,-1.5731397745682572
-0.06270396743317716,-0.3243513536117246
0.10382730167715068,1.203091798458933
-2.046582295040158,-0.7039988581277132
1.2321563090381233,0.21697415479225945
0.5269762110791744,-0.5476426540533158
-1.4300289238363109,-0.23838328724207572
-1.6524500309872063,-1.0248260089473067
-2.9663566474099388,-0.028767634209428097
-1.0583370752291978,-0.22206107757568627
-1.9178968326479697,0.57666630123654
-1.6062505714553261,2.1504832097524003
0.21123576414403786,1.3312352138407924
0.8355174386907743,2.076033008161584
1.178044953033096,-1.0891074545494188
0.7873646750781013,0.16602946543203895
1.0919634553912612,-1.5907174366238204
-0.7010170671121375,-1.1178453201642813
-0.7393159474955924,0.694907511545845
-0.9731198602382322,1.350806872894933
-1.2424386141136168,0.5009960899659885
-2.120822491278952,0.25152554887081446
-1.5325642525732832,-0.8628364449289679
2.121030964316196,-0.1414986037786702
-0.9843711047041025,0.8496966939042676
2.2425846575114936,0.01855755567560258
1.6437743618203264,-0.6307239806588347
-0.986061465355468,0.4579984743411873
-1.20131321001236,0.07065719492892786
-0.24004190458515962,1.3695261828072018
-1.4258062367238147,0.29064911302239316
-1.5057413005149753,0.16257192969919873
-0.22049394667472022,-1.7894505666558802
-2.5459098076203555,0.6448997705990108
-0.6164597315203874,-1.9241106706789235
-1.4613288805895477,2.3826862141437735
2.2155575742299685,0.7837043749238067
0.16364395556074185,0.4572636605735022
-0.9436065229520295,-1.4072661040856045
-1.2374164729331272,0.9936895097815984
-0.5561111506213028,1.1468929678007918
-1.7952476358104519,1.3104213107598992
2.647328751516274,0.8887524435621635
-0.9845656746402905,-1.0941962361603532
-2.437565151620857,0.818496659253407
0.9612137443451542,1.7724215509979617
2.557141455746981,0.359627044113578
-0.1472547867487297,-2.0057977827570452
1.5465933612186833,-0.30475937554440374
2.6627263460706376,-0.8424670968508079
1.3184549183223693,0.7418831064718233
1.2805962160365385,0.33916749853755995
2.0288055214613467,-1.479495617846877
2.513046026819352,-0.9928812001477522
-0.9509486793406967,1.5887353762170464
0.9082898035627605,-1.7752915194241001
0.31642932629711723,-1.2072722539625644
-2.3425671265180146,0.43347025295062813
-1.0324091014447592,-1.1588422346410123
-0.5664212865691378,1.1303733941712784
-1.3033927867882324,0.904542369409156
1.628185684069154,0.1934529871508529
-1.007073934567555,-0.12226632784524563
-0.48695573167215994,1.0358964251404872
-0.6332618010271593,1.5605156042495247
-1.9382743633836315,-1.067699262287746
-2.040131182797241,0.3808144368612104
1.1890357206341682,1.1370777455902705
0.533163724810967,-1.4036068002269824
0.4880931717939771,-0.9522286479981058
1.1172728886684231,-0.770265493263233
-0.684837688922686,1.477877345946385
2.466882495144667,-0.6241645576895515
0.11974588308143463,1.8556711420700724
-0.885899260815791,0.02230083377035426
-0.0653698562119235,0.09408524193223038
1.6698570150736836,-0.6024429285495497
-1.312451720366667,-0.48659658223383284
0.5899290628914552,-1.3420569468182295
-2.3618124660009627,-0.13460433841071795
-0.9541061421447661,0.890590686126525
1.122007568069654,-1.9756325209755383
0.35009678494565777,-0.317389534144038
-0.3098009594950913,-1.1046789974997981
-1.3869215676598006,-0.184285779586734
-0.45669018197029765,1.3061917413822102
0.33992861426823684,-0.31911912847905727
-1.4950278340655136,0.17973774581788612
1.8556490907680088,0.030345381903250323
1.232616900535586,-1.076536202090653
-0.8388792702412085,-1.2823214997434562
-0.1821801945740296,-2.0408944068596653
-0.4553856905140517,0.10673882481487083
2.983585971568546,1.1403914262412715
2.7915895355102966,1.0451723717738808
2.993907340225927,0.8332061167072398
0.14165064945652586,-2.259455481679924
0.2163160151025347,-0.9305695104343288
1.4732431379126916,0.5690044589132198
-0.8903798554426252,0.49079008485026693
1.3336166416535427,-0.5356870210404008
-1.2510150563644133,1.6451878669303623
-0.6118398529683176,-1.7824448092394385
-0.09337776785918042,-2.514293471231953
1.6111360722692636,-0.23477662659760956
-0.6563957093077438,0.29610951007995323
0.4201434402336487,-1.0948165067570987
-2.708715597526091,-0.15319675675274602
-1.8655899082182446,0.6604758740513078
0.8425597996929716,1.1772885981854442
0.9171252807434833,-0.124609534593158
0.8670104235138099,0.7528862166864617
-2.8302441192975154,-0.3479176967720209
2.853643716394353,1.0098121497527155
-1.3667594977963187,-0.1528936914326151
-0.9961759404496914,-1.109884017659409
-1.0449659788599257,0.28191344354261555
-2.5152566894967188,0.6940141997762436
-1.374489358317708,0.8084767411284217
-1.3608891386792061,-0.14496166707916003
-0.3655879049153451,1.4521617636244128
-0.8835031691302347,1.1595625298725616
-0.7081410979554241,-2.0334909108577013
-0.2224157669544258,-2.6542075490307973
2.059676500776867,1.5455791873229565
1.261095604127801,-0.1829839666590096
-0.44013895122026886,-0.35303215190201426
-2.208308485788995,0.6485882215344609
0.7115090561384939,-2.803249920342255
-1.236341733584627,0.5942215223119328
-2.152964203459261,-0.24339782174365282
1.7713896707381163,-0.4923525057023152
-0.9558346367736937,0.8882551456224522
1.0434939354074413,-2.054531054280016
0.07127728575865719,-0.6104139652046918
0.7478500496693353,0.5545209057553618
-1.1593308159302607,0.7176134475886147
-1.022565051535805,1.4739869442330678
1.8596575233079835,0.8973648484469102
2.6601510392328653,-0.42994854519074976
-0.08555278896069118,0.12054922676933272
2.4463387909662684,1.10215846128164
0.3597988537467035,-0.2975741087812566
-0.6894370895653108,0.9332694349731742
-0.3701024177848871,0.221973511949788
-0.6909498794660386,-0.697462818081707
-1.2819977575911907,-0.5242712054423259
-1.8690991726901325,-0.8316546420785541
-0.3271191753309265,1.7377749538774943
0.5899022573246991,-2.510346393685005
1.4653450483497363,-0.38529243251172557
-0.8643311623280483,-1.7662599613397478
0.330288255627859,0.11255108736399613
2.8131308416772036,0.6371927155425232
2.7325117316213725,0.5497785544774609
1.6569715960264402,0.6775953635103944
0.6194045187790092,-1.2353800514745652
-1.8164340033324788,0.7392366774194027
-0.3219668569697827,-1.572766634242596
1.9971729789806398,1.4778075024501605
1.9350826256759603,0.11647404059970883
0.26455981930730255,-1.6948502168578723
-0.4802382686898047,-1.7615919724822582
-0.5472241975906589,-0.01735328951473804
-2.094099669763065,-0.7801343013835385
1.9037947032533407,-0.3487876011766361
-0.4970323499640834,-0.43544161360590666
0.6806973520793252,-2.419106190366419
3.7982681380169296,0.29864150878399476
0.1427389544825794,0.42901684051480915
0.5228029865586372,-0.5521676223908013
-2.1712524959520327,0.7079617502273327
-1.944617478380745,0.533852736328755
-1.4015718580663468,1.9411943703494068
0.17798035112536387,0.8379867798154909
-3.0011691113316017,-0.0845464390562688
2.536841359623403,-0.9689692144954173
0.30967035941406157,-2.077274086001385
-2.099641497636892,-0.6572557328463119
0.5328204542154864,1.2613279363694947
0.7119400478464007,0.11430672587189782
1.2927878106408404,1.1453892144604394
-1.1676668019713392,-0.7674344145326472
2.5700703149866486,-0.10536439238121298
0.046066978211835134,-2.2266347720104847
-0.05156993229384999,0.16646683441544524
-0.5883405649971981,-0.8942916837559315
0.594014354007427,-2.506214138099924
1.0133803441896396,-1.3142513000928786
-1.4204403934364314,-0.7113347797779757
-0.4893219589833388,-1.31885610681538
0.16390458323512877,0.9435233273024207
-1.5013594328760074,2.3185466470932425
-0.18323072550678557,-1.3177099929417715
0.7490726341743537,-1.1050762586916811
-2.6996039368965166,0.3986409920681005
-1.209526097043061,-1.2709476899540366
0.5661938792411322,-0.5131485414762078
2.949703901986274,1.5214497387135806
-1.3528790403984194,0.4074978330961875
3.378126334203916,1.1217594769511232
0.4373941529053711,-0.6447752130250233
0.7020318552073531,-0.7372411640916312
0.6048117117719385,-0.013502485371484144
0.776865586499382,-2.3224665064166605
-1.759940349165264,-0.2447223991027859
0.36484821533653133,-1.1547723372287828
-0.8740143065980086,-0.4170929905117514
-2.418920456324126,-0.7633449434432837
1.131969155827142,0.1618483313511868
1.9707975442570025,-1.5377879699670847
-1.5150189557848819,0.1326857591538896
2.744861837980458,0.07028401835529187
-1.8389931274841163,-0.371385926980912
1.830884636549741,0.3971456391247734
-1.3393444362206817,1.5036607618012314
0.59220765784179,1.7857528421698912
3.0441644343604524,-0.459159068778705
-0.4045345064786824,1.389758973263538
0.14582625105734381,-0.5295815762668811
0.35509904195324377,-0.3114216030998009
-1.7006918413353198,1.4619247843156553
-1.4949610639422937,-1.2979345545781014
-2.301803361914245,-0.5756922806493507
0.8407417620544879,-1.8431707045016954
-0.6701665419260111,1.5013844164900938
-0.7168405313026931,1.9638387510270452
0.03627641461446677,0.6689272291943419
2.3496038906698717,-1.1571245854694339
2.1270056044116896,-0.5506011574883947
-1.6867595730666338,-0.09937001998663612
1.7666497472268776,1.2278544218988268
2.2993861571164884,0.5114832084243031
3.7092291449303376,0.6242724996750856
-0.12899006822121112,-0.8275610253092557
0.10237689587072221,-1.7549423203720682
3.5386593745307957,0.45286653800593046
-0.7547283902992602,1.903132347200252
1.5300287594628081,0.6367524121273995
3.907759565689024,0.4086697008294152
-0.20435297334293584,-0.5253013826440668
2.148825523724627,-0.9437807530102742
-1.6780275329920527,0.4237621190139881
1.7787916502349106,-1.3156286589264194
0.2371670560391216,0.9085993399309042
-0.3326100261529575,0.22882812226811994
-1.6365003590773357,2.1020150230643417
-0.045871177413563655,-2.031446157053107
0.5812990895190665,-1.2736722865629813
-1.604279983693672,0.004686811562848236
0.2405949581993332,-2.446259632958967
-0.09770485394120158,-0.3980650927809314
0.4640820437542171,-0.1845013204388614
-2.5947632146299013,0.5666236490977965
0.7511198599972029,-1.167280044782849
1.1665341303329022,-0.2855156355788534
0.5174535206881823,1.2429944522015988
0.5287190799359226,-1.326510061310882
-2.2303130305008954,-0.46114579944323936
-2.156844885922534,-0.7345489034905354
1.4525542113615582,0.9978947245574684
2.606770819977373,1.2761126418011146
3.084901605497341,-0.418222190115837
-0.5655535948043194,1.415602564721326
-1.497099254452574,2.3253725833851444
-2.4801647600720758,-0.3242361188277466
3.199272721232939,-0.3032903881094542
-0.5746004364486654,-1.4205973952575341
1.8701334174638302,-1.6389455866898648
-2.0016152956749935,1.5170040097394761
-0.021810031031055627,-2.2948445375348863
1.5979206524842786,0.16303958604465774
0.46773123812940653,-1.9058909102191184
-0.6979826545685287,0.9195771722337973
1.1233846952975106,-0.3138227084736764
-1.5147197557423948,2.2971398646393504
-1.3492130923068686,-1.1010000166025966
1.4423937557415913,0.01359505554789262
0.02138590645559144,-2.3898568419510995
2.0990239571247895,0.2942333081302508
0.3619425379718634,0.15031615501192847
0.5526740753570718,-2.5477570809152708
-0.1867518118689968,0.9556242049025792
-1.7480064321713182,-1.1539417387007704
1.0251249631411876,-2.4880965610534194
-1.7564227234626495,-0.776324679981368
-1.6261315314540803,-0.5033569674494399
-1.796139261686269,-0.30272266250616253
0.22358629041717878,1.510072707209091
-0.4225991735407681,-1.867385518240686
-1.8854539354233641,0.6286484314594828
-0.9658134157469986,-0.5829506927180508
-1.1191742228620427,0.7819549654170123
-0.9369184808235841,-0.05800037386505657
0.07432361961863833,-1.038447458386269
2.3439886827198695,1.4225182760689588
0.4216336539840812,-3.09454639071989
-0.8923363646397339,0.0022389444192387107
0.6108449293453218,-2.904407537065035
-2.262794827851584,0.024048192681526862
0.7487012866955279,-1.1699024696148008
2.1511056791010823,-0.080631807085871
-0.9213521280007189,0.561680003698059
-1.9234519674488466,-1.0439498508105973
-0.2885696522694333,0.33214051685888674
0.6254226443721612,1.8253799043036256
1.274653418182714,-0.5769188981772095
-1.6244486845581236,1.0468481022662806
-0.06027413265009355,-0.7530533080249759
-1.5820622575443382,1.6520008564439912
-0.06408846155349729,1.0027602891659815
-2.0959535571464687,-0.24586627023711308
-0.9178830331018881,-1.2516099221330603
-0.6009379835122397,-0.08993131234885215
1.6137062824957424,-1.066416847988758
-1.4452913031902794,-1.2308208151874784
-1.715156971514958,-0.7102059953077416
-1.4410845552560412,1.3406460939070615
2.271973933633588,0.42529082305774085
-1.1308694549575322,1.1376557517968087
-1.5595029554748514,-0.4133284910377245
-0.8896209400294348,0.01786069307344202
3.668325882842737,0.16806223229543907
-1.594132612870567,-0.5162928583999343
-2.0693200520693686,-0.7404307784549037
-1.375167402179523,2.5207397658935937
-1.9848475201349065,-0.6050833671285005
-1.2608095129985946,2.166732999071172
0.43578087365606777,-2.665223333013836
1.606111610722534,1.4851217804350674
1.720339993410549,0.3149682308433811
-2.0307674406041496,0.9330560872377907
-2.5100753254748938,0.16507766916550437
-1.247433322379364,0.5764498538596445
-2.4411951261354985,0.81268047685084
3.72529373597086,0.6404158448274679
1.15471454037861,0.13300514007505548
2.7023153443031696,0.02752894723498824
-1.3746221631432949,0.9098980314952144
-2.757896710568208,-0.23199795027641437
-1.2057390317736938,0.6432551711780186
2.98534207323658,1.557262620450948
0.14027775936526593,-0.5355977273519472
2.705003521219288,0.44533678604394966
1.1533788158196105,0.18739107622052165
-2.0326212872079266,-1.0526055871242423
-0.3711482310038844,-0.7242960753831091
-0.8552884303400361,1.0241130960763525
-0.40633613313047917,1.1448295595946043
-1.0493358579162917,-0.20989864023372173
-1.0377289908067684,-1.51955869461397
-0.3765992206661334,-2.3900498977988396
-1.2111703015759239,0.09731438507088572
1.1894169192271242,0.6019690286729797
0.23740634751100176,0.0017385437346015037
1.3856252006605903,-0.4654030941211602
-0.834253750710582,-2.0236050535895225
0.33096856258089075,0.11336272598601242
1.7888911370011036,1.2519704463338348
-0.515572170030182,0.46411870483731643
-2.9857669278007286,-0.059868054000932626
-0.4868408395075762,-1.3158960130174382
2.8607649223108007,-0.6434576678733123
1.580211222770665,0.14524333865824263
2.803476136865076,0.9593986316147286
-1.4054013220486898,0.8605816515401148
0.1217954088483996,1.2245286067698327
1.4359803884616313,0.437977722002635
-1.0970745426480428,-0.2296413431931596
-0.8395595771942401,-1.2831331383654725
0.1321073637861631,-1.8384665414782955
0.46098804358655115,1.17562844657425
2.6754496459760153,0.0005315440791263424
0.2638846357430813,-1.2642457189390874
1.1775501301125084,0.6698017474694886
-1.150218929528879,-0.746618271050348
-0.9753375514602525,1.3478103303614055
-0.049384854178035786,0.1694193101470091
-1.9388912199713608,-0.9259575982807425
-1.8278007060639725,-0.3534526979063303
-1.6708590761846684,2.0469632410178216
-1.104061481656051,1.1738786630109201
-1.3106049621966611,0.4752321239927491
2.836426131199263,0.5774036745431348
0.37082777171406245,1.521636085876133
-0.5003273328322702,-1.7855591835559148
-0.6851286735593181,0.26182971416185513
0.5172534304078786,1.2427557349598286
-0.21175713057864723,-1.4412811774759642
0.23965147972041662,-1.2905213873533503
1.621817510081591,-0.6545314845253781
1.0919152190654833,0.49624931387899845
1.051694160666128,1.4267958592829095
-1.5425610765412638,1.7152922302274807
-1.7791281077151115,1.873487522830146
2.21400222350632,1.2815757963752312
-2.07911450870355,-0.21888564631409382
-1.3930399850328608,2.4921031455920657
-1.316306190969569,-1.542443745734494
3.8787007491310823,0.37946842802817715
-1.288387236047327,2.122546168873892
0.12039814520555837,1.8565524781093454
0.13192893324391092,-2.2699966011024753
1.2326003761073527,-0.6191780986273036
-1.334243399382969,-1.566680486814496
-1.6517512936700989,2.0775789789424457
0.8977050893768419,1.6966526984603272
-1.6296748507597425,-0.8650588973351737
-0.5028211080938624,1.2322777566829215
-0.7074991753294848,-0.21843250191118632
0.061568234477063805,1.152674716997218
1.0433695881410208,0.5097179651388724
3.2389181545046433,0.9818688512108518
2.796342074281401,-0.7081963387062461
-2.0105713558002343,-1.1835382284722058
0.9576381779222989,-0.8954882554163787
-0.5511707298207186,-1.9965873762008817
-1.9646232379433004,-0.4748191727168446
-1.6558925959321704,-0.6152487395547204
-0.9170689172040458,1.643019745307672
0.21187523617652462,0.42485185212802834
2.490548293960639,0.7187576103379889
-0.22877933414818993,-0.5044245254057532
-1.7509273453779843,-0.7675196260663707
1.519799362876598,-0.3338117290748508
-0.9925893302927982,0.35268472749622065
-0.26936080988925476,0.8440029955286801
-2.6416871097869876,-0.04579933308312314
-1.2244089352267764,2.2250563837191355
-2.9364849821332046,0.019094700145029456
2.0732981649559363,1.1290123752693253
-0.4545862863226614,-1.2774147936441973
2.09151986070878,0.7174333124058775
-0.8765850658679349,1.4812446067073055
1.3679964673375657,1.350586446628897
-2.7436930023555957,0.32799860997025526
1.2708718963180081,-0.16561247482210875
1.9844497052436583,-1.5240688814246162
0.0706358866386618,-1.4737826050215164
2.9985475751600608,-0.5049995574025358
-0.9594544143873176,0.39745659829127844
1.2613818387196394,-1.420468506518488
-1.3091653065867266,0.8967425454615916
-2.3340467696711484,0.4471221255344313
-2.287535545419197,-0.5528314525948166
1.993062515549712,-0.2700943975863873
1.5872275940257834,-0.2628123769699281
2.1396176413221246,-0.12282080853410472
0.32053411771155815,-2.365928584384995
0.5871897900297826,-1.7763636915585936
2.5816970557766328,0.7365323137260331
-1.4685776153720174,-0.2904702471630976
-1.2464497490017152,0.009668741011250944
-1.4967463402636505,2.3259380455631717
1.017397461325392,0.025158838713979975
-1.0800672772544924,-0.6629240060859666
-0.2175649817893866,-1.3549381415365391
-0.17841847894653368,-2.1751653218630183
-0.9442800340941229,1.062181864785137
3.117304927357235,-0.3856600161053995
2.4481159651479483,0.24141224629676775
-0.6525001359499994,1.298120470686263
-0.5774244882881074,0.9136551164933514
-1.1434518532118172,1.8175326607619833
-0.8803771775116579,-0.42468419880002095
-1.2301038027791433,1.1414547933974137
0.08077307421405629,-2.191758534872402
-0.21183073619102588,-0.05007743043387919
1.342264448858301,0.8663137808941282
-1.3905018391144188,-0.18497432326214472
1.9895019125914883,0.5565405112266268
0.5311396958609377,1.2593227115386314
-2.8958746422506563,0.08416324077374783
0.431941309668785,-3.0841882033866206
-0.986398015167936,-1.7572363382835663
-0.808446971484679,1.8170609256733754
-1.1583834298297435,-1.6635051914009693
-1.3347660406080548,-0.1096641587062848
-0.8027817583777415,0.12146397600139826
2.101420007463647,1.1595044914526087
2.4560862091082463,0.6103056797870957
0.3039567831721684,0.5347095267903452
1.8187096162020604,-0.4453020343938169
-1.899973833481929,0.6053837018492148
0.9012650626372747,-0.11339264840902892
-1.3300371402081583,-0.10327447242155703
-2.425210979225425,-0.23618557967777365
2.818711880235439,-0.6857168683234064
1.3230157638931102,0.843349182235904
-0.9596129285118208,-0.519216226540737
-1.2234351575325697,0.6149012819655041
-1.530385537023405,1.7348006753694245
-0.33441247240465677,-1.5876148466806579
2.2923683260965135,0.03067871226636672
0.9785260219871519,-1.2896044955375432
-0.11311098866008244,0.4907009364892446
1.352947739021848,-0.49824075183726974
-1.3819231880817722,2.5099152041999266
0.2673856920520807,1.5692544222462588
0.29779441097106435,0.9809306641870583
2.949808736647603,0.2762356367157232
-1.823322224037413,-1.0960894439196807
1.6601971748216424,-1.8499110084935275
-1.308850912185689,-1.3894469287684086
3.4007154519810334,1.144459334298501
2.572706878113805,1.142604546673365
-1.644493264598685,0.44364768767145046
-1.0340873477052457,-1.5152140408137653
1.058741637887664,-0.4023935109323163
0.7518199436045224,-0.7351843641164831
2.450250000414132,0.24372615056025432
-0.926357034928082,1.090899265397812
0.24357840169683045,1.0511785244995924
2.3995073840848735,0.18870664918400953
0.1497466425723409,-2.122446834525312
-1.3597493508958067,0.9337282232835098
-1.2958265461483982,0.9147658674647202
-1.591952996150002,-0.4571749589915457
1.0497449053254662,0.8818612288966483
0.2737023159258038,-0.40853177705162735
-0.40780400008501955,1.6287536858194505
0.6290003680167459,1.086052857792674
-0.25399948251561866,-0.10705580537286506
1.093152866745001,1.4762580717775466
1.7611934835162397,-0.9182066143371902
1.4735240811696007,1.4764859199381233
0.650151760856456,-0.41298278682973205
-1.6488628664797886,-0.5340715284180967
-0.8513737488942454,-0.9142274169408495
-0.489109113659793,-1.649369604041567
-1.9301182944018982,-0.9141036285525235
0.012579216087922188,1.710867630817553
0.6570150262478559,1.1239062406794404
0.4114048552628742,0.20932705717734518
-0.14592538619760465,0.9051249372822623
-1.8728844058073868,-0.9629271987303932
-0.18632448237268182,-0.8897279198549383
0.1912687522055091,-0.9116455047471845
0.23696200694493982,0.0005722250765867645
-1.0845886323475447,0.8373702588636927
-1.4584678296233633,0.20909759375884027
-1.6124978426643182,-0.008480379154074283
2.0605164763216512,0.2524801911979974
-0.03930014892159038,-2.312420397956764
-0.45463669777235866,2.051380890512873
-0.2517491781873921,-0.10401519603737393
1.4092201745637722,-0.8850477692634222
-0.12467661529386348,0.023329451471755146
-0.7039307272618857,0.7427199916763937
-0.19649189811332524,-2.470382754789122
-0.8405596201635153,-0.8307530961311067
-0.05008295879674047,0.11232323920341919
-0.04788114884891849,1.02209638574931
-1.6644885772480915,-0.6290217826052437
0.5452256431620577,0.8225547769159898
1.9843687673835373,1.4639240768692394
-0.33131025001712233,-2.3409437073181723
-1.6695439004881583,-0.09988330121663785
-1.483329228178048,-1.1440347351481859
-1.4232097966195925,0.29480929904645137
2.3166955542755345,0.5302515430059191
-0.017195718352534792,0.21291324368512107
-3.0164452540807165,-0.10902287333373839
0.07673303556285424,-1.0970986582927211
0.352832604910123,-1.0881523083766997
-2.0196736760263008,-0.12364565947205883
2.664306187633913,0.9071608374805703
0.23790999545002126,-2.0338512747811777
0.4249556867939006,-1.952271835678346
-0.0019058760032504805,-1.8597363220097196
-1.224110325601005,1.0116687649827636
0.5554310643220174,1.7418766131326597
-1.9827561249939374,-0.49932031460862797
-1.1243276556898558,-1.16930188840859
0.9622934149943085,0.8665633672170902
-2.435344658078798,-0.2524224222182732
-0.148530723738552,-2.574095041419404
-1.3078920095683744,-1.5310745108278752
1.3419773266176973,-1.754584395544278
2.1772493939220436,1.2417252229485116
-0.9926314537597467,2.059186961557528
-1.4916888412404727,0.722326149012428
0.4139577401763228,-3.102259934478708
-0.9385499676596798,1.3975176829763907
-1.2448834883780315,-1.4459374494341237
1.619791959388927,0.6372820092309772
-2.947753028022403,0.0010403006037277155
1.531229709576871,1.0917583440212295
0.12015426011766925,0.7689974969441098
-1.2091655261062728,-0.8169443704756382
-0.1895154623306892,-2.1871976240331503
-0.06461628347737175,2.092468642882828
1.0028648130986888,-2.5104658379539906
-2.1034575082382774,-0.17650441636284792
-2.8384252539251893,0.1762124053254854
-0.6601194306825984,-1.9761987728330253
-1.14969869480009,-0.7459976062217473
-1.2413944403644948,-0.4694080369975947
1.4505167283147786,1.3164124495794967
0.41193231997965096,-2.2740823169139297
1.0483198380677297,-0.8450303110212335
-0.02142342932414029,-1.142264629674717
-1.268420200433689,1.0800617569258728
3.0914293464007425,0.41855051906590895
-2.540829276223937,0.11580167936597839
1.850148022081846,0.024380650912928282
0.15973245327190455,-0.945839867752047
-0.6964424955210253,-1.87417825826301
1.772765396350454,-0.07636500497107868
2.234949553559147,0.010278920421793599
-0.2939184788625094,0.8108206936500597
0.5196505452054172,0.307087409846491
-0.23691021486357947,-0.08396480114391794
2.119655444171743,-1.3882003177871567
1.7165133091378575,1.3128105098997722
-1.6252827295008405,2.119988642294497
-0.37218993375734494,0.7050603689373249
-0.17316578677135552,-1.7381333121012141
1.3598327839011854,1.3408467831647024
-0.6213861239282534,-0.603468329493264
-0.5966507937703467,-1.9004776637437444
-1.1580336837697052,1.2569302481817128
-0.011405913594625467,-1.5627393689289035
0.488372654055691,0.8960368077254605
1.539669602355065,-0.3122667093770501
-0.6803832330552356,-0.6831851742454876
-0.8114890287051343,1.0832948111135206
-0.3503780430439031,0.20763003119898973
-1.340765433379884,-0.11033140473187145
-2.476119938869188,0.21948320872285007
1.6204695661599637,0.7446526054072067
-0.6696817039198923,0.28025868522645936
-2.160623994375135,-0.8867239219416935
-0.5219145722716994,-2.1162766888497253
-0.5720396892930235,-1.8711154430060981
-1.0280352214641182,1.4652222804736443
3.7359287523067795,0.2359965141141686
-0.13235315071708623,1.0291276305779293
-1.3762501888775795,0.32019000150917554
-0.4138363160321142,-0.3230272017966621
3.674194081193498,0.5890656820901965
2.1080005438044505,1.5979762638672494
-1.263401601536594,0.013625982722838034
1.8909916251302166,1.06739831627955
-0.9400335476404215,1.6062243135803207
0.20291013543298445,0.5103200901377243
-1.8200807614964973,-1.0922222246030153
0.16217581143093923,1.427094919111558
-2.206931377593161,-0.9609206377299963
0.03608829026174939,-2.2366623788969475
0.6741048983909262,-1.2507862786473556
1.4760043837808792,0.5722987568496388
-0.43947974942940127,-0.7328840063540311
2.1480095327216957,0.7158251898462112
-0.06252821315438929,0.6375675212688721
-1.1553731353830476,0.7239547020136357
-2.2568478787357007,1.1080536845589828
-2.6342391874766236,0.5033726654698802
0.13538011107727557,-2.5519902791959033
0.35161719668619196,-1.1691185436624019
0.08458923176643314,1.3222599972400593
4.086005249896324,0.5877892062573881
0.6674206316371645,0.4673124250692758
1.4443967834714377,-0.4155696797180564
-0.510240935152849,0.03261846391202925
0.8202361065966195,-1.8637768856859653
1.5329942200024311,-0.7508413219811791
-0.15196770312726346,-1.715148529750577
1.4392277902611066,0.5284225278124073
-1.0592836868349638,1.2343823821069972
2.768929703479954,-0.32063661078007677
0.2437909197967279,0.007976718719744992
-2.4968525595768845,-0.3509744018173255
2.328077075695181,0.5425923657445161
3.012480304259179,1.1694274088191063
1.4547100320138178,0.019126898201573997
0.06640837709919664,-1.1094164679680265
2.8837926637340754,-0.6203170365968593
1.482665861122752,-1.6132061577933776
1.212686800198277,1.6188677520106367
-1.365835807151625,-0.5502863423379312
1.4879825657490096,-2.022969872396715
-0.8649247578990508,1.1893300745301436
-1.374846716609665,-1.6215436552592268
-0.839926825791138,-0.4128528371384024
1.4908916615716106,-1.1898335481298403
-0.6148026022978771,-0.9229840966231697
1.4003702578261785,0.4820636394607737
3.038410713171441,0.36527197038893233
2.1358129482335726,0.7654596808969177
1.5614006005456327,-0.7200406852294309
-0.16848791804301078,0.008487349375797511
2.8982736723908906,1.0546608970361266
-0.28240349235686685,-0.993905031806595
-1.8692724748287008,1.7290523264997317
2.6008067827134673,0.8383093306181478
0.02299082843456037,1.1066500327840614
1.1721235338099685,-1.0950579025919351
0.9760588094147011,-0.024160143435595482
0.2099866251292012,1.4916968507902535
0.8087524507458542,0.18921992816165253
-1.8619692741071117,-0.9454382613671186
-0.20581533780382702,-0.9108615787947858
-1.5874847234244929,-0.9370449394357367
2.9589069631385665,-0.5448345012427152
-0.2971528107396905,-1.7413241745251515
0.41724741752250505,-3.0989541300106427
-0.3426232744789693,1.4889571953517642
-2.4238886389085175,0.30317161107089785
2.867845764022109,1.4391903041999035
2.24015482272841,0.4472595100888542
-0.7011367128480774,-0.66441492206613
0.5640733307021577,-0.062105315795751306
-0.43138272152156437,0.6250791233733194
0.3727470046760073,-0.29036674237573246
0.8409978702098783,-0.18529428162999764
-1.4513673072644129,0.2496934952709839
-1.0637403188139738,-1.0970183076007898
-0.9076974148381075,0.4673906130075743
1.5627171832298496,-0.287276543331391
0.22945664953429162,1.5180047315625462
0.3155282891847285,-1.2082492357627033
0.8573268708116074,1.648479559071245
-1.338812889154185,0.43003553990613463
0.984303345827687,0.8928222638117334
0.2630987563664477,0.9395370944642296
0.4066022801033495,-0.2499757850683355
1.615073767223178,-1.8952556264471483
-0.7815865930004138,1.3228599288557448
-0.6660004511945512,-0.16892254596819534
2.4800412045293956,-0.6109413398172924
0.7064180916689292,-0.7328334248008781
-2.0130093823459503,1.4987476594203075
2.107648121858178,-1.4002665040955928
-1.0098760153562873,-1.0327556261164448
-2.2249047930719055,-0.9897188186538177
-1.226801534297074,1.1467459037775267
2.7157601490519,0.9629516402779779
1.33347738638999,-2.1782324889134874
-0.638182144214068,-0.9483342033320377
0.7991006805019717,-0.6839185296565614
-0.13548400891287943,1.0248972175894202
0.9149687225144822,0.7357253196337615
0.41776690931203947,-0.6902289914208114
2.2835356116594046,0.9256332760249585
-1.354670769510693,-0.5369659202471941
0.12649762759190095,0.40707157313691666
0.2094010655331798,-1.6473934816776965
2.816580018294035,0.9725667527458531
-1.3481924991001197,1.489483817194974
-0.7983780056597249,0.12919540087648407
-0.49964250716162695,1.504661571489841
0.611743645612445,-1.3184037032359186
-0.20856970274566997,0.4402363820756945
-0.7784185074862796,-0.32974284863497827
3.1698865440237824,0.08228585713587674
-0.9635527575165341,1.5685402984303551
1.744098919374062,0.3407296983102026
-1.9182519226200048,1.6505742542206505
-0.39752053838011997,-1.2093326362915402
-1.4151576245815543,0.2676183067665536
3.454719381330786,0.7836215258225215
0.2655394493539075,0.488875816370604
1.5348713526783935,1.096102997821434
-1.8791655883051774,1.1759624828561104
-0.7556610920842721,1.9016379114440367
1.4210595928095542,0.5067470022597382
-0.6700831097772255,-1.080939634586719
-1.3128519009272737,-0.4870740167173719
1.1734353662337034,0.5846404567441996
-0.6551563748665887,-1.0631313283507156
-1.231154479366278,0.5162432034454076
0.4962012809142789,-2.6045067242837145
-1.3086776261273136,1.0155586784751816
0.15381583901391377,-1.3835917588402697
0.8103444476996332,0.23170786537413052
0.6294324268188127,-1.2992240078963488
-0.9407119920788052,0.5306603642177017
-2.717109913591199,-0.1666466785586822
1.3185141757150718,-0.9479496037630556
-0.21404981328935765,2.3764616885986416
-0.9250473101645339,-0.04196005795029162
-0.6657999524820055,0.2848897997167876
2.2673087361429527,-0.8247166954188104
-1.0123846542341637,-1.1317852182353378
2.4964911983437093,-0.17930421898359364
-0.8852562238882321,1.6939921216412803
1.0709904119754736,0.9048974313420294
2.6516575273387724,0.8068357554135428
1.7869094018556335,-0.4772581442517758
1.2926385947585797,-0.1437390685917472
-1.0640775362720103,0.7419974299051327
-0.276274511229703,0.3487537011991787
-1.5627895341219271,1.145642422798773
-0.44697234063864355,1.5758294566611193
1.5164230288344163,1.0740932681302875
0.7453459402654175,-0.6937147385954457
3.0507986170085863,-0.4524923631014411
-3.010218839461853,-0.099046504907113
-0.39420441734207934,-1.9778023737037174
-0.9133916653294837,-0.010498915248772733
-0.5368866744490861,1.454337283647365
-0.5940245593470538,0.891225114293859
-1.9501101285062874,-0.9411165781562345
-1.2318708590017653,-1.4283547954506315
-1.2047381405145334,1.0378444453491653
0.07178530026203511,-1.9038729019928597
0.8698129127347842,2.1169491434008743
-1.0456406110374232,-1.3901356573738117
-0.9032617552188047,-0.012523434238580673
0.03751615748786383,-0.23673998079311387
0.23249022276199086,0.5502886795187449
0.13357985404981473,-0.1115235814656698
0.7038347494141394,-2.3958553656076975
-1.8687683117016674,1.7298601296111995
-0.5146129619814516,-0.8954563377318294
-0.07792132210844459,0.1308608584288246
1.811522332746019,-1.697844002962551
-0.760612305848229,0.6661318898635883
1.9162195308031216,-0.33531553635366773
-0.5527695343467585,1.9187838834042825
0.9010492992343528,-2.6127804862405934
-0.9617881865719168,1.571367609320492
-1.082568890315653,0.23110442087853936
0.5210947553574627,0.7937654775585898
-2.5419384351034107,0.1140245125207497
-0.1277171706899916,0.9268482062832855
-1.6404306556850854,1.0212407436327562
-1.7607587110484597,-0.19935759364213398
3.417271887540079,0.7459904516277179
-0.44954401125901466,-1.2713991191516063
-1.203367281352825,-0.9039332782212007
-0.38531339755264177,0.619523629229251
-1.5622371304653018,2.221004421383525
-1.6179456417963287,-0.4922962001565663
2.999152289756931,-0.08928539475668167
2.2938986876078546,-1.213102874461996
1.6324900634927906,1.0823869738676137
1.220536618754615,-1.0464074801702496
2.776666873577095,1.3475644236933766
1.0493406212350467,0.018749689553544367
-1.763687024058155,1.3609897855377735
-0.679417935307076,1.4865612293946622
-0.10737178853841335,1.5487899331952872
-2.032793433515792,-0.6819054430290733
1.5611230587457914,-1.9494708197234096
0.7362993275634168,-0.7028057008826237
-1.7888908288436065,-0.8283472003598841
1.0693417149566495,0.9942770915637645
2.583449962548506,0.8194895759417875
-0.600137631988673,-1.3384196665924293
1.592977570078513,1.1654264848312925
-0.8057447282552006,-1.6963635529496428
0.15235698731195133,-1.8165101610225416
-2.1070977380370204,0.8107546961615899
0.2951612966842925,-0.3676596979175392
-2.8824386949152134,0.10569119369436053
-1.4415476424738798,-0.27181124671425283
2.357610346898939,1.0059514640153275
1.4425882325385033,-1.238373777069257
0.17632989952442168,1.4462199111637772
-0.14721176397405458,-0.4159819624458077
-1.126140554557636,1.1440454380815364
0.9931602649274517,-2.5202179611347817
0.6480724556702687,1.398829067628718
-0.42309125933841574,-0.3326934429032542
2.627517196525131,0.43593446471390335
-1.5073869345821111,-0.8288168738130383
1.5462027156899534,0.12615364294284645
0.490880714599401,0.3041455456081845
-1.0734040531211915,-0.7283270723960976
-0.8373837591932902,0.6962196119129946
1.5220323333653978,-1.5736466976588699
-0.8450796965717146,-0.41981539184865735
2.2091538154215615,1.7076553259565308
1.4368329042660883,-0.8290508363949949
0.6743894364264175,-1.2504777580788906
0.28318700364442906,0.056357048651459546
1.990650085495845,-0.2725186541963014
-1.8423890387072699,-0.7955639312703335
0.7642432386854783,-0.27686621557277197
-1.9147254626231047,0.0785101666007337
1.3505485948951057,1.3297703031465984
-0.7256839462766709,1.1992345670798559
-0.7629295498141287,-1.9462692310943144
1.1332657031432527,-1.1842613005796563
0.7196300219260239,-1.1346632086808601
-1.350714403893402,0.8406014397599149
1.1561685986809853,-1.1110910542620491
0.5480543612377411,1.4625861876321304
-1.172028361649712,-0.3190648219600087
-2.175210176499246,0.7016204958023116
-2.1993397633091885,-0.7919679464491577
-0.4361767552380187,0.1052680779282347
0.9247156434888381,-0.08541498767364522
1.5770231659190048,-1.9334927647944302
0.3871935229139157,-0.27313135751997564
-2.8143881889523112,-0.3225122889163634
-1.3703526443163534,2.528454285608109
1.7257349546034728,0.7521545008894182
1.1826466908626598,0.1632915758793623
-2.2453370916864936,-0.485218332164975
0.25775580649861246,-0.8395545319158801
3.5303271323372045,0.8595999318468751
-0.4963174037551305,1.2426984168208537
-1.938858502545943,1.080318594458342
1.9598848577696073,0.14336675015090172
1.2902382298028285,0.7112881500990518
0.7760485652233813,-0.2627818983083724
-2.448429867008429,0.8010885022012791
-0.04259958231339194,0.12125126404559769
-1.5143343577298145,0.6195182943083357
-0.9090138233581297,1.1186876924322986
2.3583916379563994,0.14412542704082726
-1.1538943079390964,1.106544589610479
-1.2899553555054988,-0.5350235051214539
-2.367773107086578,-0.6813933177848915
1.4172593240563047,-0.84872037297998
0.4917619286972203,1.2123431583583966
1.6570190190323553,0.6776467836051386
0.057190275921563685,-2.351034670419263
1.6265392383126596,-0.22330801357655472
0.47355733518139215,-2.627261678372227
-0.5814905893613634,-2.027055874048211
-1.7377363149856617,1.9398081582816393
-0.8705842543259975,1.4893528982686153
-1.0038490833362421,2.0412133423273726
1.0111988859175407,-1.3166166244511095
-0.08627055447248932,0.6054868894393426
-0.1859834603143536,0.8573337454800115
-1.146099775555819,1.117076555279789
-1.9996216755400995,0.4457214168676354
-0.5762169718326919,-0.5424358087736232
0.6090388209717286,-2.0760095325357195
-0.2575121987181963,-1.701489230684972
-0.8310237249721126,0.08508453211088098
0.6507366179561439,-1.707460764601427
3.338430894226652,1.0818694363698091
-1.3652310370107403,0.3877066568652302
-1.4589899164979243,0.6942996572406318
-2.5374513832728125,0.12121396021281151
-1.5242210549038646,1.2074393608260474
1.4244091750183239,0.42543121888506136
-1.6581255429928687,0.42522776445064914
-1.4751018743610707,0.7489028713797136
0.402657989612631,0.1802340361126621
-1.9033380344633217,0.06275490849909925
0.33434095344389575,0.6879093020511912
2.3506753265539118,1.4297685094278842
0.3411723500118821,-0.78160995157017
-2.3612189864351425,-0.6708918773358123
3.3630470392838445,0.6914997746457848
2.2305772199440597,-0.031415314992115494
0.9084356091795942,0.2973049673138652
0.8005408408292488,1.1271579774138523
-2.358484989362542,-0.1292728378750314
-2.8996306575470556,0.0781451075933139
0.6410998304192393,1.1024016413211846
-0.20243871595417032,0.9344280731580683
2.7902142683387563,1.0436811890263007
0.6776850002906938,0.5270119625241754
-0.5342779031278536,1.943769760117666
0.4482582562468255,1.3277417736233939
-0.8595277703040395,-0.39980986220764075
0.6250517982232885,-1.2297050871377206
0.6438602820984407,-1.7149166783393293
2.1718905942536266,1.235914752242422
-1.0502172433096453,1.2466329530528892
-0.9739678009995928,1.3496611360438784
2.4592646234594855,0.1983931922795161
0.512381186738703,-0.9948044224797186
-1.8773505657355587,-0.35689641066214506
-0.3129996970405379,-2.172355231206372
-1.0496535546483694,-0.626638985337005
1.1498524937321621,-0.7349398881739989
0.2005049768775635,-0.47029420702687125
0.9961545315610153,-0.9015924152398033
0.0013410601057279707,1.080820827224603
-1.11613555213011,0.2495852715825361
-1.8751652104444823,-0.8398510672437912
-0.6597807815091211,1.5180251605863273
-0.33359781578246017,-1.9120874926206883
-1.5648856179974884,-0.7877622544502146
0.8197522110378987,-1.5241995469332608
-2.1787025940455087,1.233263166836467
0.49930369858751766,-1.4403207478743083
0.7384336346875447,1.9602074024550304
-1.1889205068292732,0.5733097119883207
0.26539684692402804,0.5947520827000573
1.4748038420990586,0.570866453399022
-0.6914519348491489,-0.1992873791212737
-1.3522783962122027,2.5574140271542243
-2.1755241905620863,0.16387891127657553
-1.7008269544356465,-0.9499467485084024
3.605331775830156,0.9349722737187507
0.9290784284639373,0.8269363050833558
1.625803419658748,1.0751367405086882
0.6222265069999838,0.41830907477809687
0.7248370706407422,-1.5445371167664663
1.123166000358275,1.058492029599756
1.0949536792677317,1.4784065269534716
1.489116678049467,-0.3670805303743188
-0.8219898945530004,0.09729103625480903
-0.9185446822421746,2.1778936287876975
-0.9812073562268407,0.3680640413815308
-0.35086096229850217,0.7338800574215453
-1.1328040959095516,-1.4846457915135676
-2.2508035220778053,-0.3755982276345711
0.9767007320406406,1.7908982655109196
0.8354516030761089,0.21816944150261142
0.0818413545963372,-0.16762290483154207
0.3103600805741205,0.9959221069701819
-0.48281414435923703,1.5274000413030795
0.7066180548225715,0.5615304756840429
2.7998411385395405,1.0541194682593638
-1.2983790063660987,0.49482134944583944
2.876337668832799,-0.2127020948977643
0.9982296293368064,0.9094369838388895
1.5842684914976228,0.14932049750218906
-0.5715872966277256,1.893357338671262
-1.9784353080180725,1.0169060502081317
0.595147686599467,1.5262186496676258
0.9387252713977141,-0.9638621499749743
-0.09830534501309496,1.5610405041411788
-0.3454792454239578,-0.23066318488087387
1.9896688825646307,1.9010075067257879
-0.08514000120262967,-1.290220906884234
1.6296559446192878,0.6479773889377616
2.9838062399659906,0.822253636526735
-0.28662968817146867,-0.16988828401646555
-1.1843054803334534,-1.5404880144057194
1.7166996834364876,-0.12031549569712198
-0.894972880270247,1.1411850090866722
-2.027183530835988,-1.2101553409950645
-1.5540242308074752,0.07998186400537678
0.14124255036492595,-0.566562591103026
1.2082567637456052,-0.6436410516909824
-1.0067137720630088,-0.12183663681006048
-0.3993601436621853,0.1491920504138201
-1.573982897455134,-0.9188012834227901
-0.5915454089248595,-0.077240073383324
-1.5491908216617543,1.7046696193116813
0.805796016760456,1.324938991237564
1.7574247840362314,0.3551787449333098
-0.35194038095923824,-1.608526477059665
-1.9395621551406783,0.004714254940149259
-0.6036127102281802,-0.5480641384276831
-0.5128930024353263,-1.8005506263390383
-1.7928502847306045,0.2431878055388545
-2.3477211066003765,-0.11202624144519728
-2.2877372106700107,-0.5531545738394037
2.3211546099590104,0.4747125998553081
0.9183808018600956,-0.9859213706202165
-0.44922386681052917,-1.2710171715647751
-0.9150682540159668,0.9433386480770014
-1.3462356033081975,-0.1190960684912954
-1.9503512460591952,-0.012572731645258246
-1.190474405211199,0.13047470279663229
-1.6441960113849936,-0.5965077073686713
-0.8659191942622023,-0.9338812106166329
-0.6659687944626279,0.3081066168488605
1.8165164979712725,-0.4475059040391933
1.1777506288250539,1.1236140931544714
0.6752566890945805,0.04447236145685811
0.034355547923553775,0.6666355436733549
-1.3441109535542601,2.5705004375600002
-0.9397239546496587,-0.4954877327088502
-1.786067515332219,-0.8238235029356652
0.2838553106862023,1.5915081572378968
-1.0655454032265508,1.2259215561299786
-0.06939061126721977,-0.3316015869706505
1.75300318300471,0.781721055367307
